{"SYNOPSYS INC": 64.17641178254158, "AUTODESK INC": 94.09513220322872, "JFROG LTD": -36.35294016669778, "ACI WORLDWIDE INC": 30.458716296274726, "MICROSTRATEGY INC": -8.503274860496292, "VERTEX INC": -1434.000015258789, "WORKIVA INC": -144.1081072833087, "VIRNETX HOLDING CORP": -3.446428477764129, "APPIAN CORP": -49.295999145507814, "TYLER TECHNOLOGIES INC": 110.06075702136076, "FASTLY INC": -8.830729126930237, "BENTLEY SYSTEMS INC": 137.36666361490887, "TENABLE HOLDINGS INC": -123.59091151844372, "Q2 HOLDINGS INC": -31.145000457763672, "FORTINET INC": 85.20968037266884, "GTY TECHNOLOGY HOLDINGS": -3.936170263493315, "EBIX INC": 15.798206072751716, "SYNCHRONOSS TECHNOLOGIES": -2.0222222805023193, "UPLAND SOFTWARE INC": -9.010416269302368, "SOLARWINDS CORP": -36.57575665098248, "ZENDESK INC": -62.35294036049256, "AUDIOEYE INC": -5.868217187334401, "ONESPAN INC": -17.50649291199523, "CLOUDFLARE INC": -130.83132088902485, "CADENCE DESIGN SYSTEMS INC": 62.05905704047736, "PING IDENTITY HOLDING CORP": -28.820512233636318, "JAMF HOLDING CORP": -55.75000047683716, "ADOBE INC": 44.15841584158416, "TERADATA CORP": 35.318518744574654, "REALNETWORKS INC": -1.179800033569336, "DROPBOX INC": 26.344827673901086, "MODEL N INC": -30.34523782275972, "ASURE SOFTWARE INC": 37.698235231287335, "CERIDIAN HCM HOLDING": -141.02000427246094, "BENEFITFOCUS INC": -9.042734977526543, "PROS HOLDINGS INC": -17.97267726210297, "JACK IN THE BOX INC": 12.152702743942672, "ENVESTNET INC": 314.14581934611004, "CITRIX SYSTEMS INC": 40.65927382438414, "PTC INC": 27.30759826360964, "QUALYS INC": 73.04944887266053, "ALTAIR ENGINEERING INC": -532.7083269755046, "PAYCOM SOFTWARE INC": 105.88937945070519, "VERITONE INC": -8.599056387847325, "HUBSPOT INC": -294.3493946489082, "EVERBRIDGE INC": -16.31999969482422, "UNITY SOFTWARE INC": -50.600530230809774, "LIVEPERSON INC": -14.140388700697157, "WORKDAY INC": 2033.3333333333335, "2U INC": -4.64176236441309, "PROGRESS SOFTWARE CORP": 25.279329608938546, "A10 NETWORKS INC": 11.333332992181546, "FAIR ISAAC CORP": 35.96190511961996, "DATADOG INC": -2075.1427786690847, "SUMO LOGIC INC": -9.761061710593976, "OKTA INC": -30.20767824395997, "SPS COMMERCE INC": 107.62903767247354, "ZOOMINFO TECHNOLOGIES": 128.771740457286, "INUVO INC": -8.589999874432882, "SERVICENOW INC": 502.5431139715787, "COUPA SOFTWARE INC": -17.483431275127923, "SALESFORCE.COM INC": 144.82351138891764, "APPFOLIO INC": 3701.3333638509116, "AVALARA INC": -63.462066650390625, "ANSYS INC": 60.65517147838841, "MITEK SYSTEMS INC": 82.22444322374132, "BRIDGELINE DIGITAL INC": -1.3061224197854802, "MANHATTAN ASSOCIATES INC": 80.18103413198186, "SONIC FOUNDRY INC": 8.783783783783784, "MARIN SOFTWARE INC": -2.9801980103596604, "RIOT BLOCKCHAIN INC": -244.62499618530273, "BSQUARE CORP": -13.192307949066162, "ISSUER DIRECT CORP": 31.03448275862069, "DATTO HOLDING CORP": 81.90624713897705, "PAGERDUTY INC": -27.464567770169477, "BLACKLINE INC": -37.59390739014911, "RINGCENTRAL INC": -29.736584919254955, "SPROUT SOCIAL INC": -146.61321100198998, "RAPID7 INC": -40.166038657134436, "AWARE INC": -11.666667019879375, "SMITH MICRO SOFTWARE INC": -5.459016268370582, "CROWDSTRIKE HOLDINGS INC": -202.28155932380156, "ALARM.COM HOLDINGS INC": 63.97142682756696, "TWILIO INC": -28.845853193090594, "BOX INC": -79.18571472167969, "DIGIMARC CORP": -12.758293875020827, "BLACKBAUD INC": 519.5000012715658, "ALTERYX INC": -23.75093667248215, "CLEANSPARK INC": 28.325582105059958, "PEGASYSTEMS INC": -102.59740259740259, "XPERI HOLDING CORP": -33.490566037735846, "FIVE9 INC": -132.13923973373218, "VARONIS SYSTEMS INC": -39.24324448044235}